vectorizer,dimensions,classifier,round,vector_time (s),train_time (s),accuracy,precision,recall,f1

Pt-BR_Word2Vec,50,cnn,0,41.433205600000065,46.95904810000002,0.9909713574097135,0.9920985670282577,0.9885241526554577,0.9903081344829892
Pt-BR_Word2Vec,50,cnn,1,42.83402079999996,38.98398909999992,0.9907222914072229,0.9911729303196469,0.9889244729116626,0.9900474250217087
Pt-BR_Word2Vec,50,cnn,2,47.082428300000174,41.3693267000001,0.9904732254047323,0.9906429621708328,0.9889244729116626,0.9897829716193656
Pt-BR_Word2Vec,50,cnn,3,46.421173899999985,39.66126529999997,0.9907222914072229,0.991304347826087,0.988791032826261,0.9900460952635447
Pt-BR_Word2Vec,50,cnn,4,62.155143599999974,42.40512290000015,0.9907845579078456,0.9934175174637292,0.9867894315452362,0.9900923818449592
Pt-BR_Word2Vec,50,cnn,5,45.16604789999997,39.47828350000009,0.9911581569115816,0.9914438502673797,0.9895916733386709,0.9905168959529852
Pt-BR_Word2Vec,50,cnn,6,54.979417999999896,55.0860239000001,0.9914072229140722,0.991711229946524,0.9898585535094743,0.9907840256444505
Pt-BR_Word2Vec,50,cnn,7,43.32400940000002,40.793656300000066,0.9912204234122043,0.9918394648829432,0.9893247931678676,0.9905805331017437
Pt-BR_Word2Vec,50,cnn,8,44.90072789999999,66.6700651000001,0.990535491905355,0.9915640064274237,0.9881238323992527,0.9898409303569042
Pt-BR_Word2Vec,50,cnn,9,46.04420190000019,51.345284600000014,0.9910336239103362,0.9918361884368309,0.9889244729116626,0.9903781905652813
Pt-BR_Word2Vec,100,cnn,0,82.92552139999998,65.81049439999993,0.9914694894146949,0.9914495657982632,0.9902588737656792,0.9908538620735696
Pt-BR_Word2Vec,100,cnn,1,90.0939741000002,42.91992089999985,0.9916562889165629,0.9913217623497997,0.9907926341072858,0.9910571276027762
Pt-BR_Word2Vec,100,cnn,2,80.46478770000022,78.77768719999995,0.9914694894146949,0.9901399067288474,0.9915932746196957,0.9908660577371825
Pt-BR_Word2Vec,100,cnn,3,79.47071069999993,74.91199570000026,0.9915317559153176,0.9915820416889364,0.9902588737656792,0.9909200160235011
Pt-BR_Word2Vec,100,cnn,4,81.99408029999995,87.53153329999986,0.9915317559153176,0.990795090715048,0.9910595142780891,0.9909272848565711
Pt-BR_Word2Vec,100,cnn,5,81.29934169999979,42.55836850000014,0.9917185554171856,0.9918481892289189,0.9903923138510808,0.9911197168992455
Pt-BR_Word2Vec,100,cnn,6,107.14959420000014,53.08000319999974,0.9914694894146949,0.9918438293889558,0.9898585535094743,0.990850197021305
Pt-BR_Word2Vec,100,cnn,7,80.37341650000008,71.78097500000013,0.9912826899128269,0.9883134130146083,0.9930611155591139,0.9906815761448349
Pt-BR_Word2Vec,100,cnn,8,80.6148435,43.172295100000156,0.9917808219178083,0.9925073588439925,0.9898585535094743,0.9911811865312667
Pt-BR_Word2Vec,100,cnn,9,92.96458990000019,52.48771130000023,0.9915940224159402,0.9905345953872817,0.9914598345342941,0.9909969989996665
Pt-BR_Word2Vec,300,cnn,0,269.22337600000003,127.34740550000004,0.9923412204234122,0.9921217786086259,0.9914598345342941,0.9917906961222719
Pt-BR_Word2Vec,300,cnn,1,221.4707277,131.9158136000001,0.9925902864259029,0.9925203686389742,0.9915932746196957,0.9920566050330418
Pt-BR_Word2Vec,300,cnn,2,221.03516400000012,135.35737070000005,0.9926525529265255,0.993048128342246,0.9911929543634908,0.9921196741017764
Pt-BR_Word2Vec,300,cnn,3,211.6660085000001,131.03745120000008,0.9925902864259029,0.992388836960876,0.9917267147050974,0.9920576653540679
Pt-BR_Word2Vec,300,cnn,4,222.43664569999987,136.77576249999993,0.9924034869240349,0.9926490243250468,0.9910595142780891,0.9918536324786325
Pt-BR_Word2Vec,300,cnn,5,222.4331975,130.82466430000022,0.9924657534246575,0.9923868037932416,0.9914598345342941,0.9919231025966224
Pt-BR_Word2Vec,300,cnn,6,229.85894989999997,137.23187430000007,0.9922166874221668,0.9917256105698652,0.9915932746196957,0.9916594381797558
Pt-BR_Word2Vec,300,cnn,7,222.1463746000004,136.3740284999999,0.9923412204234122,0.993307455494579,0.9902588737656792,0.9917808219178081
Pt-BR_Word2Vec,300,cnn,8,222.2244568000001,141.17292080000016,0.9926525529265255,0.9922584089695675,0.9919935948759008,0.9921259842519685
Pt-BR_Word2Vec,300,cnn,9,223.22931740000013,131.64099220000026,0.9925902864259029,0.9921259842519685,0.9919935948759008,0.9920597851471276
Pt-BR_Word2Vec,600,cnn,0,442.0597021000003,219.6221688000005,0.9922789539227895,0.9919893190921228,0.9914598345342941,0.9917245061398825
Pt-BR_Word2Vec,600,cnn,1,402.77396110000063,214.45502769999985,0.9926525529265255,0.9933119315141787,0.9909260741926875,0.992117568470274
Pt-BR_Word2Vec,600,cnn,2,417.7920555999999,215.67924810000022,0.9927148194271482,0.9931809065383073,0.9911929543634908,0.9921859346824283
Pt-BR_Word2Vec,600,cnn,3,408.2454748,219.29664030000004,0.9928393524283935,0.9923929000400373,0.992260475046704,0.9923266831253752
Pt-BR_Word2Vec,600,cnn,4,403.44643540000015,219.23824089999925,0.9924657534246575,0.9912058627581612,0.992660795302909,0.9919327955197013
Pt-BR_Word2Vec,600,cnn,5,401.7327601999996,218.2216553999997,0.9929016189290162,0.9923939151321057,0.9923939151321057,0.9923939151321057
Pt-BR_Word2Vec,600,cnn,6,401.9440515999995,223.30743679999978,0.9925280199252802,0.9933101418249933,0.9906591940218842,0.991982896846606
Pt-BR_Word2Vec,600,cnn,7,408.9295897000011,218.55570959999932,0.9927770859277708,0.9927865348650815,0.9917267147050974,0.9922563417890521
Pt-BR_Word2Vec,600,cnn,8,409.1207105000012,212.35770989999946,0.9927148194271482,0.9942382419938363,0.9901254336802775,0.9921775757170556
Pt-BR_Word2Vec,600,cnn,9,405.46786130000146,218.1651099999999,0.9926525529265255,0.9935760171306209,0.9906591940218842,0.9921154617132166
Pt-BR_Word2Vec,1000,cnn,0,730.8850460000012,330.38069840000026,0.9926525529265255,0.9925213675213675,0.9917267147050974,0.9921238819917235
Pt-BR_Word2Vec,1000,cnn,1,687.6735554000006,332.4362871000012,0.9928393524283935,0.9916055962691539,0.9930611155591139,0.9923328221881459
Pt-BR_Word2Vec,1000,cnn,2,692.1440105999991,331.01599989999886,0.9925902864259029,0.9922573755172874,0.991860154790499,0.9920587253920587
Pt-BR_Word2Vec,1000,cnn,3,669.2286361999995,331.0221653999997,0.9925902864259029,0.992388836960876,0.9917267147050974,0.9920576653540679
Pt-BR_Word2Vec,1000,cnn,4,687.4026067000013,329.9341000000004,0.9925902864259029,0.992388836960876,0.9917267147050974,0.9920576653540679
Pt-BR_Word2Vec,1000,cnn,5,695.5836777000004,332.8626618999988,0.9928393524283935,0.9930509154082587,0.9915932746196957,0.9923215597249114
Pt-BR_Word2Vec,1000,cnn,6,690.6666937000009,329.2731606999987,0.9924034869240349,0.9944995975315267,0.989191353082466,0.9918383730264919
Pt-BR_Word2Vec,1000,cnn,7,686.7607886000005,333.24226629999976,0.9928393524283935,0.9930509154082587,0.9915932746196957,0.9923215597249114
Pt-BR_Word2Vec,1000,cnn,8,684.9519932999974,333.63942210000096,0.9924034869240349,0.9919914575547251,0.9917267147050974,0.9918590684638997
Pt-BR_Word2Vec,1000,cnn,9,685.680360600003,333.13918040000135,0.9927148194271482,0.9921280853902602,0.992260475046704,0.992194275802255
Pt-BR_Word2Vec,50,lstm,0,43.423516500002734,139.49745910000274,0.990909090909091,0.9917023554603854,0.988791032826261,0.9902445543231324
Pt-BR_Word2Vec,50,lstm,1,44.45731479999813,140.00878080000257,0.9909713574097135,0.9888253292536916,0.991860154790499,0.9903404170275131
Pt-BR_Word2Vec,50,lstm,2,44.54744130000108,147.55274529999951,0.9902241594022416,0.989329064959317,0.9897251134240725,0.9895270495630712
Pt-BR_Word2Vec,50,lstm,3,43.658990700001596,146.20859349999955,0.990909090909091,0.9894750865973888,0.9910595142780891,0.9902666666666667
Pt-BR_Word2Vec,50,lstm,4,44.37733120000121,140.64339610000025,0.9909713574097135,0.9889554224883567,0.9917267147050974,0.99033912985542
Pt-BR_Word2Vec,50,lstm,5,45.11096329999782,144.29301960000157,0.9898505603985056,0.9893205179548792,0.9889244729116626,0.9891224557891225
Pt-BR_Word2Vec,50,lstm,6,44.92054740000094,146.92144449999978,0.9904109589041096,0.9889421795896616,0.9905257539364826,0.9897333333333335
Pt-BR_Word2Vec,50,lstm,7,44.21921590000056,146.71449260000009,0.9906600249066002,0.9911717495987159,0.988791032826261,0.9899799599198398
Pt-BR_Word2Vec,50,lstm,8,45.49405789999946,147.52106730000014,0.9902864259028643,0.9877692103164052,0.9914598345342941,0.9896110815130528
Pt-BR_Word2Vec,50,lstm,9,45.86534209999809,144.2544783000012,0.9902864259028643,0.9868630573248408,0.9923939151321057,0.989620758483034
Pt-BR_Word2Vec,100,lstm,0,80.12147899999763,183.47592839999925,0.9920921544209216,0.9919861092560438,0.9910595142780891,0.991522595287364
Pt-BR_Word2Vec,100,lstm,1,81.65030259999912,187.3281446000001,0.9913449564134496,0.9938230159795891,0.9875900720576462,0.9906967405126833
Pt-BR_Word2Vec,100,lstm,2,80.9722720000027,196.22001660000024,0.9912204234122043,0.9903961584633854,0.9907926341072858,0.9905943566139683
Pt-BR_Word2Vec,100,lstm,3,83.97662299999865,194.8892902000007,0.9914072229140722,0.993293991416309,0.9882572724846543,0.9907692307692307
Pt-BR_Word2Vec,100,lstm,4,81.48509740000009,203.13649819999773,0.9917808219178083,0.9917178733636121,0.9906591940218842,0.991188251001335
Pt-BR_Word2Vec,100,lstm,5,80.79539069999737,206.68889179999678,0.9912826899128269,0.9892229909526343,0.9921270349613024,0.9906728847435043
Pt-BR_Word2Vec,100,lstm,6,82.25034179999784,214.68763569999646,0.9916562889165629,0.9909284951974386,0.9911929543634908,0.9910607071380921
Pt-BR_Word2Vec,100,lstm,7,82.74164949999977,215.81151319999844,0.9917185554171856,0.990537118485939,0.9917267147050974,0.9911315596452624
Pt-BR_Word2Vec,100,lstm,8,79.38461430000098,224.23543580000114,0.9915317559153176,0.9918449197860962,0.9899919935948759,0.9909175904901829
Pt-BR_Word2Vec,100,lstm,9,81.21261420000155,221.51418310000008,0.9919676214196762,0.9929059028242537,0.9898585535094743,0.9913798864016037
Pt-BR_Word2Vec,300,lstm,0,211.3397917000002,400.7937778000014,0.9922166874221668,0.9925143697366662,0.9907926341072858,0.9916527545909849
Pt-BR_Word2Vec,300,lstm,1,222.52389740000217,403.95469779999985,0.9924034869240349,0.9925173703901656,0.9911929543634908,0.991854720256376
Pt-BR_Word2Vec,300,lstm,2,221.3995070000019,411.36365170000136,0.9923412204234122,0.9926480417056543,0.9909260741926875,0.9917863105175292
Pt-BR_Word2Vec,300,lstm,3,219.57536499999696,414.11994140000024,0.9919053549190535,0.9904102290889718,0.992260475046704,0.9913344887348353
Pt-BR_Word2Vec,300,lstm,4,222.1826340000007,430.2806057000016,0.9926525529265255,0.9922584089695675,0.9919935948759008,0.9921259842519685
Pt-BR_Word2Vec,300,lstm,5,220.6396154000031,431.2377665999993,0.9925902864259029,0.9930471988233721,0.9910595142780891,0.992052360916316
Pt-BR_Word2Vec,300,lstm,6,221.28025879999768,434.5281373999969,0.9924034869240349,0.9929125434608184,0.9907926341072858,0.9918514560512957
Pt-BR_Word2Vec,300,lstm,7,222.9417128999994,445.2029470000016,0.9919053549190535,0.9930369576861274,0.9895916733386709,0.9913113220157733
Pt-BR_Word2Vec,300,lstm,8,218.55289260000063,441.58443989999796,0.9922166874221668,0.9930416164860163,0.9902588737656792,0.991648292911071
Pt-BR_Word2Vec,300,lstm,9,216.97542740000063,444.50209729999915,0.9920298879202989,0.9918536324786325,0.9910595142780891,0.9914564143639033
Pt-BR_Word2Vec,600,lstm,0,400.5239827000005,1162.5605617,0.9922789539227895,0.9927788178657395,0.9906591940218842,0.9917178733636121
Pt-BR_Word2Vec,600,lstm,1,408.54394799999864,1196.2440443000014,0.9920921544209216,0.9933038703629302,0.9897251134240725,0.9915112626161352
Pt-BR_Word2Vec,600,lstm,2,405.12830219999887,1245.8012562000004,0.9925280199252802,0.9923878205128205,0.9915932746196957,0.9919903884661594
Pt-BR_Word2Vec,600,lstm,3,497.74662810000154,1120.0164177999977,0.9922789539227895,0.9927788178657395,0.9906591940218842,0.9917178733636121
Pt-BR_Word2Vec,600,lstm,4,487.82083770000463,1104.293627500003,0.9917808219178083,0.9923756019261637,0.9899919935948759,0.991182364729459
Pt-BR_Word2Vec,600,lstm,5,488.2531212000031,1743.4363636999988,0.9923412204234122,0.9929115955597164,0.9906591940218842,0.9917841159575178
Pt-BR_Word2Vec,600,lstm,6,715.2176647000015,1215.6142878000028,0.9924034869240349,0.9934404283801874,0.9902588737656792,0.991847099705961
Pt-BR_Word2Vec,600,lstm,7,724.7537995000021,969.0034570999997,0.9918430884184308,0.9901477832512315,0.9923939151321057,0.9912695768077308
Pt-BR_Word2Vec,600,lstm,8,725.522818700003,744.8472182000041,0.9925902864259029,0.9925203686389742,0.9915932746196957,0.9920566050330418
Pt-BR_Word2Vec,600,lstm,9,719.0286208999969,747.1348591999995,0.9922789539227895,0.9941002949852508,0.9893247931678676,0.9917067950775816
Pt-BR_Word2Vec,1000,lstm,0,1113.5601723,1769.767194600001,0.9929638854296389,0.993844506891476,0.9910595142780891,0.9924500567916082
Pt-BR_Word2Vec,1000,lstm,1,1137.5034264000005,953.2291578000004,0.9930261519302616,0.9934491978609625,0.9915932746196957,0.9925203686389743
Pt-BR_Word2Vec,1000,lstm,2,1135.1398578999997,786.2305755999987,0.9920298879202989,0.9915910304324613,0.9913263944488925,0.9914586947817964
Pt-BR_Word2Vec,1000,lstm,3,1134.1651327,862.5778931999994,0.9925280199252802,0.9937064809855383,0.9902588737656792,0.9919796818607138
Pt-BR_Word2Vec,1000,lstm,4,1136.0739648000017,806.2669677000013,0.9929016189290162,0.9939759036144579,0.9907926341072858,0.9923817161186848
Pt-BR_Word2Vec,1000,lstm,5,1132.3832165999993,779.2723115000008,0.9931506849315068,0.9934509489441326,0.991860154790499,0.9926549145299145
Pt-BR_Word2Vec,1000,lstm,6,1135.7903342999998,782.5364691000032,0.9925280199252802,0.9913379530916845,0.992660795302909,0.9919989331910921
Pt-BR_Word2Vec,1000,lstm,7,1144.3898769000007,869.7157423999997,0.9922789539227895,0.9912023460410557,0.992260475046704,0.9917311283008802
Pt-BR_Word2Vec,1000,lstm,8,1135.6507138999987,871.4060168000033,0.9920921544209216,0.9915921526758308,0.9914598345342941,0.9915259891906318
Pt-BR_Word2Vec,1000,lstm,9,1132.2535381000016,903.2145479999999,0.9925280199252802,0.9916,0.9923939151321057,0.9919967987194879
Pt-BR_Word2Vec,50,mixed,0,63.92816089999906,944.9826668999995,0.9909713574097135,0.9899986664888651,0.9906591940218842,0.9903288201160542
Pt-BR_Word2Vec,50,mixed,1,66.54040239999813,936.6287091000013,0.9904109589041096,0.9885516506922257,0.9909260741926875,0.9897374383579902
Pt-BR_Word2Vec,50,mixed,2,68.06513799999811,957.3042620999986,0.990535491905355,0.988945125199787,0.9907926341072858,0.9898680175976536
Pt-BR_Word2Vec,50,mixed,3,66.0686848999976,997.2509424999953,0.9910336239103362,0.9910475681453768,0.9897251134240725,0.9903858993190012
Pt-BR_Word2Vec,50,mixed,4,65.5522639999981,1077.5584655999992,0.9910336239103362,0.9892172523961661,0.9915932746196957,0.9904038384646141
Pt-BR_Word2Vec,50,mixed,5,66.93184190000466,1423.7393258999946,0.9910958904109589,0.9888283016358558,0.9921270349613024,0.9904749217344968
Pt-BR_Word2Vec,50,mixed,6,64.53311160000158,1368.2606100000048,0.9907222914072229,0.9882994282675176,0.991860154790499,0.9900765900765901
Pt-BR_Word2Vec,50,mixed,7,69.48208509999677,1756.4963323999982,0.9903486924034869,0.9893319109214562,0.9899919935948759,0.9896618421930236
Pt-BR_Word2Vec,50,mixed,8,66.45964910000475,1572.4689313999988,0.9905977584059776,0.9902523701428763,0.9895916733386709,0.9899219114996997
Pt-BR_Word2Vec,50,mixed,9,65.37523130000045,1722.1657261,0.9904109589041096,0.9926174496644296,0.9867894315452362,0.9896948608137046
Pt-BR_Word2Vec,100,mixed,0,123.48263959999895,1463.7648820000031,0.9909713574097135,0.9915719063545151,0.9890579129970644,0.9903133141826441
Pt-BR_Word2Vec,100,mixed,1,125.66121720000228,1775.829957599999,0.9921544209215442,0.9939662107803701,0.989191353082466,0.9915730337078652
Pt-BR_Word2Vec,100,mixed,2,126.99561249999533,1736.2767951999995,0.9924657534246575,0.9938379102478232,0.9899919935948759,0.9919112240123004
Pt-BR_Word2Vec,100,mixed,3,126.3685375999994,1719.0114306000032,0.9919053549190535,0.9902796271637816,0.9923939151321057,0.9913356438283124
Pt-BR_Word2Vec,100,mixed,4,127.36490639999829,1945.9932994000046,0.9922166874221668,0.9933056634087561,0.9899919935948759,0.991646060282029
Pt-BR_Word2Vec,100,mixed,5,127.34820369999943,1772.4835236,0.9923412204234122,0.9930434782608696,0.9905257539364826,0.9917830182376913
Pt-BR_Word2Vec,100,mixed,6,133.66553589999967,1980.8881684999942,0.9917808219178083,0.9940939597315436,0.9882572724846543,0.991167023554604
Pt-BR_Word2Vec,100,mixed,7,125.75764279999566,1241.5891752000025,0.9923412204234122,0.9915966386554622,0.9919935948759008,0.9917950770462277
Pt-BR_Word2Vec,100,mixed,8,128.96425179999642,1414.841272699996,0.9920298879202989,0.9925113666755817,0.9903923138510808,0.9914507079882448
Pt-BR_Word2Vec,100,mixed,9,126.60100579999562,1504.41723549999,0.9919676214196762,0.9922470257986901,0.9905257539364826,0.9913856427378965
Pt-BR_Word2Vec,300,mixed,0,355.7334339999943,1585.2726696000027,0.9925902864259029,0.9943692183938866,0.9897251134240725,0.9920417307563699
Pt-BR_Word2Vec,300,mixed,1,349.5565413000004,1585.455514100002,0.9924034869240349,0.9919914575547251,0.9917267147050974,0.9918590684638997
Pt-BR_Word2Vec,300,mixed,2,355.78655509999953,1583.739300500005,0.9925280199252802,0.9941034575180917,0.9898585535094743,0.9919764642952662
Pt-BR_Word2Vec,300,mixed,3,346.74155019999307,1396.8942569999926,0.9919676214196762,0.9930378899451064,0.9897251134240725,0.9913787342110539
Pt-BR_Word2Vec,300,mixed,4,350.9183670000057,1160.4533697000006,0.9919676214196762,0.9914586947817964,0.9913263944488925,0.991392540201508
Pt-BR_Word2Vec,300,mixed,5,275.862546400007,1145.6354667999985,0.9920921544209216,0.994894531774822,0.9881238323992527,0.9914976233514091
Pt-BR_Word2Vec,300,mixed,6,251.34636139999202,1305.5173170999915,0.9925902864259029,0.9912082056747036,0.9929276754737123,0.9920671955202988
Pt-BR_Word2Vec,300,mixed,7,214.93879729999753,1216.5384712000086,0.9917185554171856,0.9914541327280011,0.9907926341072858,0.9911232730427818
Pt-BR_Word2Vec,300,mixed,8,216.91331720000017,1270.3912401999987,0.9921544209215442,0.9923817161186849,0.9907926341072858,0.9915865384615384
Pt-BR_Word2Vec,300,mixed,9,226.44066290000046,1174.4851306999917,0.9924657534246575,0.9912058627581612,0.992660795302909,0.9919327955197013
Pt-BR_Word2Vec,600,mixed,0,396.1459104999958,1507.631664399989,0.9924657534246575,0.9915988798506468,0.992260475046704,0.991929567131328
Pt-BR_Word2Vec,600,mixed,1,416.49817389999225,1383.086260600001,0.9925902864259029,0.9926519706078825,0.9914598345342941,0.9920555444288671
Pt-BR_Word2Vec,600,mixed,2,412.5280070000008,1452.7727621000085,0.9927148194271482,0.9945032846226035,0.9898585535094743,0.9921754831806326
Pt-BR_Word2Vec,600,mixed,3,423.4569315000117,1318.4362663000065,0.9927148194271482,0.9935768767563228,0.9907926341072858,0.9921828021647624
Pt-BR_Word2Vec,600,mixed,4,410.5612991999951,1354.0670101000142,0.9920921544209216,0.9917234014150313,0.9913263944488925,0.9915248581915248
Pt-BR_Word2Vec,600,mixed,5,453.54530939999677,1673.9860626000009,0.9923412204234122,0.9917278185456971,0.991860154790499,0.9917939822536527
Pt-BR_Word2Vec,600,mixed,6,399.6355981000088,1464.8548981000058,0.9931506849315068,0.9946409431939979,0.9906591940218842,0.9926460756785667
Pt-BR_Word2Vec,600,mixed,7,413.2557698000019,1328.843907500006,0.9922789539227895,0.9922522041143468,0.9911929543634908,0.9917222963951935
Pt-BR_Word2Vec,600,mixed,8,414.65575449999596,1241.120347700009,0.9921544209215442,0.9948952176249328,0.9882572724846543,0.9915651358950328
Pt-BR_Word2Vec,600,mixed,9,411.1916312000103,1371.2324575000093,0.9927148194271482,0.9916033586565374,0.9927942353883107,0.9921984396879376
Pt-BR_Word2Vec,1000,mixed,0,821.5030571000098,1479.688894699997,0.9927770859277708,0.9926549145299145,0.991860154790499,0.9922573755172874
Pt-BR_Word2Vec,1000,mixed,1,699.6163137999974,1466.6745465999993,0.9924657534246575,0.9930453390397218,0.9907926341072858,0.9919177075679647
Pt-BR_Word2Vec,1000,mixed,2,689.0495123000001,1756.1794469000015,0.9922789539227895,0.9914643905041345,0.9919935948759008,0.9917289220917823
Pt-BR_Word2Vec,1000,mixed,3,687.8916859000019,1756.0504210999934,0.9927148194271482,0.9931809065383073,0.9911929543634908,0.9921859346824283
Pt-BR_Word2Vec,1000,mixed,4,691.4120651999983,1684.6185718999914,0.9927148194271482,0.9927855711422846,0.9915932746196957,0.9921890646905668
Pt-BR_Word2Vec,1000,mixed,5,695.0721170000033,1771.8985794999899,0.9927148194271482,0.9927855711422846,0.9915932746196957,0.9921890646905668
Pt-BR_Word2Vec,1000,mixed,6,700.7117021000013,1733.513732499996,0.9924034869240349,0.98989898989899,0.9938617560715239,0.9918764149687042
Pt-BR_Word2Vec,1000,mixed,7,699.1372139000014,1833.994730899998,0.9930261519302616,0.9941097724230255,0.9909260741926875,0.9925153702218658
Pt-BR_Word2Vec,1000,mixed,8,690.9520848000102,1732.1062442999973,0.9930261519302616,0.9939775160599572,0.9910595142780891,0.9925163704396632
Pt-BR_Word2Vec,1000,mixed,9,691.0295332000096,1919.1984816999902,0.9923412204234122,0.9930434782608696,0.9905257539364826,0.9917830182376913
Pt-BR_GloVe,50,cnn,0,357.5466698000091,169.72003189999668,0.9914694894146949,0.9909248632056586,0.9907926341072858,0.9908587442450124
Pt-BR_GloVe,50,cnn,1,51.195433799992315,157.78937589999987,0.9912826899128269,0.9913148049171566,0.9899919935948759,0.9906529576712512
Pt-BR_GloVe,50,cnn,2,55.60063270000683,185.02762049999728,0.9914072229140722,0.9910547396528705,0.9905257539364826,0.9907901761879339
Pt-BR_GloVe,50,cnn,3,49.39367200000561,180.59847029999946,0.9909713574097135,0.9911776500467852,0.9894582332532693,0.9903171953255426
Pt-BR_GloVe,50,cnn,4,50.54446959999041,183.73052829998778,0.9916562889165629,0.9927691483663631,0.9893247931678676,0.991043978077797
Pt-BR_GloVe,50,cnn,5,50.23047530000622,172.55079380000825,0.9918430884184308,0.9921133538297019,0.9903923138510808,0.9912520868113522
Pt-BR_GloVe,50,cnn,6,50.656954599995515,182.84731650000322,0.9919676214196762,0.99054216065006,0.992260475046704,0.9914005732951136
Pt-BR_GloVe,50,cnn,7,49.914759599996614,165.9592818999954,0.9915940224159402,0.9925043501539286,0.9894582332532693,0.9909789508853993
Pt-BR_GloVe,50,cnn,8,50.15843640000094,174.51370569999563,0.9915317559153176,0.9906641771138971,0.9911929543634908,0.9909284951974386
Pt-BR_GloVe,50,cnn,9,51.21711870000581,171.11579009999696,0.9917808219178083,0.9922439154854239,0.9901254336802775,0.9911835426128773
Pt-BR_GloVe,100,cnn,0,781.0606786999997,205.0831257999962,0.9922789539227895,0.9944981213097155,0.9889244729116626,0.9917034658102502
Pt-BR_GloVe,100,cnn,1,91.61719839999569,200.10465989999648,0.9927148194271482,0.9943707277844793,0.9899919935948759,0.9921765295887662
Pt-BR_GloVe,100,cnn,2,92.82906390000426,195.87685670000792,0.9926525529265255,0.9931799946509762,0.9910595142780891,0.9921186214266631
Pt-BR_GloVe,100,cnn,3,99.4015769999969,202.9334416000056,0.9926525529265255,0.9923898531375167,0.991860154790499,0.9921249332621462
Pt-BR_GloVe,100,cnn,4,97.95050740000443,222.7105040000024,0.9925280199252802,0.9926509887760556,0.9913263944488925,0.9919882494325011
Pt-BR_GloVe,100,cnn,5,93.74316699999326,201.8955552999978,0.9928393524283935,0.9929191716766868,0.9917267147050974,0.9923225849522666
Pt-BR_GloVe,100,cnn,6,90.95978109999851,194.23962959999335,0.9925902864259029,0.9929153856436306,0.9911929543634908,0.9920534223706178
Pt-BR_GloVe,100,cnn,7,93.65361819999816,214.2565845999925,0.9925902864259029,0.9927836429239609,0.9913263944488925,0.9920544835414301
Pt-BR_GloVe,100,cnn,8,93.95448970000143,186.7322048999922,0.9923412204234122,0.9931754315535929,0.9903923138510808,0.9917819202244937
Pt-BR_GloVe,100,cnn,9,78.61965839999903,134.93952729999728,0.9924657534246575,0.9927817136746424,0.9910595142780891,0.9919198664440734
Pt-BR_GloVe,300,cnn,0,288.9757001000107,214.60168940000585,0.9932752179327522,0.994245182012848,0.9913263944488925,0.992783642923961
Pt-BR_GloVe,300,cnn,1,272.477810899989,223.86864959998638,0.9930261519302616,0.9934491978609625,0.9915932746196957,0.9925203686389743
Pt-BR_GloVe,300,cnn,2,268.61127649998525,209.62865509997937,0.9927770859277708,0.9926549145299145,0.991860154790499,0.9922573755172874
Pt-BR_GloVe,300,cnn,3,284.76643029999104,192.10798990001786,0.9937110834371108,0.9924070867190622,0.9941286362423272,0.9932671155256316
Pt-BR_GloVe,300,cnn,4,272.50714770000195,220.5367285000102,0.9929638854296389,0.991869918699187,0.9930611155591139,0.9924651596986064
Pt-BR_GloVe,300,cnn,5,270.2212945999927,200.16162640001858,0.9932752179327522,0.9930574098798398,0.9925273552175073,0.9927923117992526
Pt-BR_GloVe,300,cnn,6,275.2471894000191,233.65033049997874,0.9934620174346201,0.992797118847539,0.9931945556445156,0.9929957974784871
Pt-BR_GloVe,300,cnn,7,278.41383129998576,234.72056490002433,0.9929638854296389,0.9939767099451211,0.9909260741926875,0.992449047778149
Pt-BR_GloVe,300,cnn,8,267.6918974999862,213.5114978000056,0.9930884184308841,0.9934500735195829,0.9917267147050974,0.9925876460767947
Pt-BR_GloVe,300,cnn,9,266.87675170000875,232.40824679998332,0.9933997509339975,0.9939823482214496,0.991860154790499,0.9929201175527652
Pt-BR_GloVe,600,cnn,0,745.1534155000118,654.3821120999928,0.9929638854296389,0.993844506891476,0.9910595142780891,0.9924500567916082
Pt-BR_GloVe,600,cnn,1,711.1551032999996,328.91649569998845,0.9929638854296389,0.9937123745819398,0.9911929543634908,0.9924510655354399
Pt-BR_GloVe,600,cnn,2,708.5959447000059,329.6345190000138,0.9930884184308841,0.9930546280219046,0.9921270349613024,0.9925906147787198
Pt-BR_GloVe,600,cnn,3,555.8028806999791,306.53168380001443,0.9931506849315068,0.9938469769930444,0.9914598345342941,0.9926519706078825
Pt-BR_GloVe,600,cnn,4,398.9819018999988,310.841831800004,0.9926525529265255,0.9919957310565635,0.992260475046704,0.9921280853902601
Pt-BR_GloVe,600,cnn,5,407.8752075000084,322.6631043999805,0.9926525529265255,0.9927846071619455,0.9914598345342941,0.992121778608626
Pt-BR_GloVe,600,cnn,6,401.37763679999625,306.07450529999915,0.9928393524283935,0.9958338932939121,0.988791032826261,0.9922999665215936
Pt-BR_GloVe,600,cnn,7,419.266386400006,307.40750939998543,0.9930884184308841,0.9949054833087545,0.9902588737656792,0.9925767404534207
Pt-BR_GloVe,600,cnn,8,400.6945161000185,305.4493378000043,0.9931506849315068,0.9950388844194153,0.9902588737656792,0.9926431246655966
Pt-BR_GloVe,600,cnn,9,405.54768799999147,309.01280090000364,0.9926525529265255,0.9935760171306209,0.9906591940218842,0.9921154617132166
Pt-BR_GloVe,1000,cnn,0,715.3703894000209,431.606789500016,0.9931506849315068,0.9951716738197425,0.9901254336802775,0.9926421404682274
Pt-BR_GloVe,1000,cnn,1,681.2984074999986,424.80769919999875,0.9927770859277708,0.9929182255478354,0.9915932746196957,0.992255307784751
Pt-BR_GloVe,1000,cnn,2,689.1224303999916,427.26643799999147,0.9932752179327522,0.9926627534685165,0.9929276754737123,0.9927951967978653
Pt-BR_GloVe,1000,cnn,3,678.3329038000084,440.6961939999892,0.9927770859277708,0.9931818181818182,0.9913263944488925,0.9922532389475089
Pt-BR_GloVe,1000,cnn,4,685.7518709999858,434.4791943000164,0.9929638854296389,0.9941089837997055,0.9907926341072858,0.9924480384949543
Pt-BR_GloVe,1000,cnn,5,687.2659369999892,432.4889353000035,0.9927148194271482,0.9926539334847069,0.9917267147050974,0.9921901074694613
Pt-BR_GloVe,1000,cnn,6,680.1107940999791,428.36274760001106,0.9933374844333749,0.9927951967978652,0.9929276754737123,0.992861431716592
Pt-BR_GloVe,1000,cnn,7,667.4968391000002,424.94896739997785,0.9927770859277708,0.9926549145299145,0.991860154790499,0.9922573755172874
Pt-BR_GloVe,1000,cnn,8,673.1649058000185,418.4561920000124,0.9930261519302616,0.9934491978609625,0.9915932746196957,0.9925203686389743
Pt-BR_GloVe,1000,cnn,9,684.4232390999969,411.71848420001334,0.9927770859277708,0.9942390139335477,0.9902588737656792,0.9922449525337613
Pt-BR_GloVe,50,lstm,0,45.145134999998845,306.5216895000194,0.9911581569115816,0.9922335297268345,0.988791032826261,0.9905092902018446
Pt-BR_GloVe,50,lstm,1,44.45234709998476,368.38915400000405,0.9913449564134496,0.9927643038992362,0.9886575927408594,0.9907066925185533
Pt-BR_GloVe,50,lstm,2,44.673862600000575,368.0776458999899,0.9914694894146949,0.9922387260805566,0.9894582332532693,0.9908465290305337
Pt-BR_GloVe,50,lstm,3,44.88282620001701,391.44748620002065,0.9913449564134496,0.9917101216740206,0.9897251134240725,0.9907166232551926
Pt-BR_GloVe,50,lstm,4,44.75826410000445,395.7067182000028,0.9917808219178083,0.9913240790176188,0.9910595142780891,0.9911917789937275
Pt-BR_GloVe,50,lstm,5,44.04940910000005,375.12033999999403,0.9907222914072229,0.9896013864818024,0.9905257539364826,0.9900633544514839
Pt-BR_GloVe,50,lstm,6,43.81413500002236,380.9212367,0.9908468244084683,0.98921294446664,0.9911929543634908,0.9902019596080783
Pt-BR_GloVe,50,lstm,7,44.067466099979356,384.4952774000121,0.9910958904109589,0.9907864868473761,0.9901254336802775,0.9904558499632918
Pt-BR_GloVe,50,lstm,8,40.70472820001305,369.9173776000098,0.9914072229140722,0.9893560404470463,0.992260475046704,0.9908061292471686
Pt-BR_GloVe,50,lstm,9,43.67672930000117,347.3814715000044,0.9911581569115816,0.9940860215053764,0.9869228716306379,0.990491495915361
Pt-BR_GloVe,100,lstm,0,94.21521930000006,178.98416179999992,0.9920921544209216,0.9919861092560438,0.9910595142780891,0.991522595287364
Pt-BR_GloVe,100,lstm,1,94.78822009999999,178.29008629999998,0.9921544209215442,0.9923817161186849,0.9907926341072858,0.9915865384615384
Pt-BR_GloVe,100,lstm,2,94.49267110000005,188.43358149999995,0.9922166874221668,0.991988249432501,0.9913263944488925,0.9916572115063739
Pt-BR_GloVe,100,lstm,3,97.31370609999999,187.35117730000002,0.9928393524283935,0.9939750970678806,0.9906591940218842,0.9923143754594667
Pt-BR_GloVe,100,lstm,4,98.46430510000005,179.88895269999966,0.9922789539227895,0.9917267147050974,0.9917267147050974,0.9917267147050974
Pt-BR_GloVe,100,lstm,5,96.04910919999975,205.67983449999974,0.9924034869240349,0.9912046908315565,0.9925273552175073,0.9918655820776103
Pt-BR_GloVe,100,lstm,6,82.61169299999983,187.97246700000005,0.9920921544209216,0.9929078014184397,0.9901254336802775,0.9915146655976481
Pt-BR_GloVe,100,lstm,7,80.3953289000001,165.39210950000006,0.9927148194271482,0.9923908690428515,0.9919935948759008,0.9921921921921922
Pt-BR_GloVe,100,lstm,8,82.46517330000006,202.27910920000022,0.9925280199252802,0.9930462690558973,0.9909260741926875,0.9919850387389796
Pt-BR_GloVe,100,lstm,9,80.65970489999972,180.66081669999994,0.9920921544209216,0.991854720256376,0.9911929543634908,0.9915237268904759
Pt-BR_GloVe,300,lstm,0,216.18261509999957,267.9300499999995,0.9930261519302616,0.9937132156233279,0.9913263944488925,0.9925183700734803
Pt-BR_GloVe,300,lstm,1,223.68798289999995,434.3198775000001,0.9931506849315068,0.9921354305518528,0.9931945556445156,0.9926647105894905
Pt-BR_GloVe,300,lstm,2,227.79094390000046,344.6998872000004,0.9930261519302616,0.9937132156233279,0.9913263944488925,0.9925183700734803
Pt-BR_GloVe,300,lstm,3,220.9706113000002,431.6204008000004,0.9930884184308841,0.9938461538461538,0.9913263944488925,0.9925846749949897
Pt-BR_GloVe,300,lstm,4,223.69721040000059,416.7848154000003,0.9931506849315068,0.993979127642494,0.9913263944488925,0.9926509887760555
Pt-BR_GloVe,300,lstm,5,227.0992242000002,293.32116680000036,0.9933374844333749,0.9941137123745819,0.9915932746196957,0.992851893914089
Pt-BR_GloVe,300,lstm,6,220.0604389,468.5479853000006,0.9931506849315068,0.9937148970312918,0.9915932746196957,0.9926529521773978
Pt-BR_GloVe,300,lstm,7,226.71543949999977,292.6488798999999,0.9932752179327522,0.9922687283391096,0.9933279957299173,0.9927980794878635
Pt-BR_GloVe,300,lstm,8,214.25810310000088,573.9523353999994,0.9931506849315068,0.9934509489441326,0.991860154790499,0.9926549145299145
Pt-BR_GloVe,300,lstm,9,226.8037574000009,650.2692322999992,0.9933374844333749,0.9937174174575591,0.9919935948759008,0.9928547579298832
Pt-BR_GloVe,600,lstm,0,415.0038027999999,1638.395633,0.9934620174346201,0.993719096619003,0.992260475046704,0.9929892501836148
Pt-BR_GloVe,600,lstm,1,407.2853930000001,1581.9007534999982,0.9930261519302616,0.9920021327645961,0.9930611155591139,0.9925313416911177
Pt-BR_GloVe,600,lstm,2,425.84794989999864,1590.2235108000004,0.9933374844333749,0.9937174174575591,0.9919935948759008,0.9928547579298832
Pt-BR_GloVe,600,lstm,3,424.51909859999796,973.6477582000007,0.9929016189290162,0.9922625400213447,0.9925273552175073,0.9923949299533021
Pt-BR_GloVe,600,lstm,4,421.57784399999946,1165.4819633000006,0.9927770859277708,0.9925233644859813,0.9919935948759008,0.9922584089695675
Pt-BR_GloVe,600,lstm,5,411.73165329999756,667.5106545999988,0.9929638854296389,0.9920010665244634,0.9929276754737123,0.9924641547182393
Pt-BR_GloVe,600,lstm,6,416.00036179999734,1090.2161265000032,0.9929638854296389,0.9931845516504076,0.9917267147050974,0.9924550978166522
Pt-BR_GloVe,600,lstm,7,418.65001129999655,1616.4054615999994,0.9929638854296389,0.9930527722110889,0.991860154790499,0.9924561052139663
Pt-BR_GloVe,600,lstm,8,408.74999059999755,1552.5650050999975,0.9933374844333749,0.9929267316161751,0.9927942353883107,0.9928604790818709
Pt-BR_GloVe,600,lstm,9,415.2885731999995,1663.2815031999999,0.9930261519302616,0.9951703783203649,0.9898585535094743,0.9925073588439924
Pt-BR_GloVe,1000,lstm,0,816.1972168000001,888.3186751000001,0.9927770859277708,0.9933137202460551,0.9911929543634908,0.9922522041143468
Pt-BR_GloVe,1000,lstm,1,746.4258483000001,1047.0251363000002,0.9929016189290162,0.992131234995999,0.992660795302909,0.9923959445037354
Pt-BR_GloVe,1000,lstm,2,703.1973481000005,1116.9443083999995,0.9933374844333749,0.9939815433997593,0.9917267147050974,0.9928528488410928
Pt-BR_GloVe,1000,lstm,3,694.9018421999999,1273.6064255000001,0.9933997509339975,0.9934544483034998,0.9923939151321057,0.9929238985313753
Pt-BR_GloVe,1000,lstm,4,694.3665721999996,1052.588372600001,0.9928393524283935,0.9926558953131259,0.9919935948759008,0.992324634585864
Pt-BR_GloVe,1000,lstm,5,690.4974265000001,2139.0301051000006,0.9929016189290162,0.9918688349773394,0.9929276754737123,0.9923979727927448
Pt-BR_GloVe,1000,lstm,6,697.9941087000007,1876.48034,0.9930261519302616,0.9918710021321961,0.9931945556445156,0.9925323376450194
Pt-BR_GloVe,1000,lstm,7,701.0536052000007,1210.5755005999981,0.9929638854296389,0.9947714170800376,0.9901254336802775,0.9924429880291581
Pt-BR_GloVe,1000,lstm,8,689.8940545999976,1617.373226300002,0.9930261519302616,0.9930537002404488,0.9919935948759008,0.9925233644859813
Pt-BR_GloVe,1000,lstm,9,699.4190638,1706.629871000001,0.9926525529265255,0.9938403856454204,0.9903923138510808,0.9921133538297019
Pt-BR_GloVe,50,mixed,0,50.8885448,1118.3790826999998,0.9910958904109589,0.9892186876081459,0.9917267147050974,0.9904711134803759
Pt-BR_GloVe,50,mixed,1,74.47969650000005,1148.0697939,0.9915940224159402,0.9913206035518761,0.9906591940218842,0.9909897884268838
Pt-BR_GloVe,50,mixed,2,62.10543340000004,1223.1257330000003,0.9915940224159402,0.990927284856571,0.9910595142780891,0.9909933951564479
Pt-BR_GloVe,50,mixed,3,61.011276199999884,1253.5166594000002,0.9919676214196762,0.991721191080251,0.9910595142780891,0.9913902422745778
Pt-BR_GloVe,50,mixed,4,57.46277420000024,1157.8269768999999,0.9915317559153176,0.9922397645169923,0.9895916733386709,0.9909139497594869
Pt-BR_GloVe,50,mixed,5,61.604473499999585,1243.5624329000002,0.9923412204234122,0.9913344887348353,0.992260475046704,0.9917972657552517
Pt-BR_GloVe,50,mixed,6,58.162450400000125,1146.1228792000002,0.9914694894146949,0.9904012798293561,0.9913263944488925,0.9908636212070691
Pt-BR_GloVe,50,mixed,7,57.949966700000004,1561.257725899999,0.9919676214196762,0.9923786602486964,0.9903923138510808,0.9913844920857543
Pt-BR_GloVe,50,mixed,8,57.66517070000009,1378.812227800001,0.9914072229140722,0.9910547396528705,0.9905257539364826,0.9907901761879339
Pt-BR_GloVe,50,mixed,9,61.28709130000061,1123.8171039999997,0.9915940224159402,0.99171455298677,0.9902588737656792,0.9909861788075047
Pt-BR_GloVe,100,mixed,0,109.5513248999996,1556.160749499999,0.9927770859277708,0.9937098501070664,0.9907926341072858,0.9922490979553655
Pt-BR_GloVe,100,mixed,1,107.75594460000138,1127.9074509000002,0.9925902864259029,0.9910773738180849,0.9930611155591139,0.9920682530160634
Pt-BR_GloVe,100,mixed,2,102.8908319000002,1691.6348916999996,0.9927770859277708,0.9918666666666667,0.992660795302909,0.9922635720955049
Pt-BR_GloVe,100,mixed,3,102.03368219999902,1531.9630725000025,0.9918430884184308,0.9919818254710677,0.9905257539364826,0.991253254990986
Pt-BR_GloVe,100,mixed,4,102.35008350000135,1218.2599926000003,0.9922789539227895,0.9912023460410557,0.992260475046704,0.9917311283008802
Pt-BR_GloVe,100,mixed,5,108.66794609999852,1453.8384001000013,0.9926525529265255,0.9935760171306209,0.9906591940218842,0.9921154617132166
Pt-BR_GloVe,100,mixed,6,104.16489120000188,1210.3560392,0.9924657534246575,0.9902912621359223,0.9935948759007206,0.991940318390728
Pt-BR_GloVe,100,mixed,7,105.16084129999945,1815.3567494000017,0.9922166874221668,0.9942320590207914,0.9890579129970644,0.9916382366713492
Pt-BR_GloVe,100,mixed,8,98.17764439999883,1599.4890427999999,0.9923412204234122,0.9921217786086259,0.9914598345342941,0.9917906961222719
Pt-BR_GloVe,100,mixed,9,106.35647570000219,1175.998246799998,0.9923412204234122,0.9929115955597164,0.9906591940218842,0.9917841159575178
Pt-BR_GloVe,300,mixed,0,314.1079514000012,2099.2522175000013,0.9928393524283935,0.9939750970678806,0.9906591940218842,0.9923143754594667
Pt-BR_GloVe,300,mixed,1,311.5256412000017,1542.4038410999965,0.9927148194271482,0.9910797497004393,0.9933279957299173,0.9922025991336221
Pt-BR_GloVe,300,mixed,2,210.77322039999854,1997.8873217,0.9931506849315068,0.9925293489861259,0.9927942353883107,0.9926617745163442
Pt-BR_GloVe,300,mixed,3,213.68076839999412,1416.625918699996,0.9927770859277708,0.9917355371900827,0.9927942353883107,0.9922646038943719
Pt-BR_GloVe,300,mixed,4,324.70761889999994,1632.5299925,0.9924034869240349,0.9927807486631016,0.9909260741926875,0.9918525444103113
Pt-BR_GloVe,300,mixed,5,282.1690107000031,1560.5147612,0.9930261519302616,0.9923959445037354,0.992660795302909,0.9925283522348233
Pt-BR_GloVe,300,mixed,6,279.8744141000061,1402.8814394999936,0.9929638854296389,0.993844506891476,0.9910595142780891,0.9924500567916082
Pt-BR_GloVe,300,mixed,7,239.63512980000087,1619.8593476000024,0.9931506849315068,0.9941113490364025,0.9911929543634908,0.992650006681812
Pt-BR_GloVe,300,mixed,8,289.13729199999943,1541.7800177999961,0.9922789539227895,0.9905484558040468,0.9929276754737123,0.9917366386778622
Pt-BR_GloVe,300,mixed,9,280.5652794999987,1357.1866796999966,0.9927770859277708,0.9917355371900827,0.9927942353883107,0.9922646038943719
Pt-BR_GloVe,600,mixed,0,520.1277489999993,1684.6382520000043,0.9924657534246575,0.9937056381411544,0.9901254336802775,0.9919123053271841
Pt-BR_GloVe,600,mixed,1,560.3758203999969,1323.0693783000024,0.9925280199252802,0.9926509887760556,0.9913263944488925,0.9919882494325011
Pt-BR_GloVe,600,mixed,2,412.17096319999837,1690.2116924000002,0.9927148194271482,0.9926539334847069,0.9917267147050974,0.9921901074694613
Pt-BR_GloVe,600,mixed,3,395.294647600007,2018.598293199997,0.9924034869240349,0.9929125434608184,0.9907926341072858,0.9918514560512957
Pt-BR_GloVe,600,mixed,4,655.6381437999953,1536.0258713000003,0.9932129514321295,0.9933199732798931,0.9921270349613024,0.9927231457373655
Pt-BR_GloVe,600,mixed,5,694.6152268000001,1076.6478324,0.9927148194271482,0.992522366137001,0.991860154790499,0.9921911499699659
Pt-BR_GloVe,600,mixed,6,654.6018089999998,1051.9822333000002,0.9923412204234122,0.9935717155484131,0.9899919935948759,0.9917786244235011
Pt-BR_GloVe,600,mixed,7,651.6886325999999,1119.0858523999996,0.9925280199252802,0.9960979547900969,0.9878569522284494,0.991960337665818
Pt-BR_GloVe,600,mixed,8,654.9692883999996,1432.1460752000003,0.9922166874221668,0.9934377929556716,0.9898585535094743,0.9916449435198182
Pt-BR_GloVe,600,mixed,9,424.9196626,1171.8945241000001,0.9925280199252802,0.9914689416155692,0.9925273552175073,0.991997866097626
Pt-BR_GloVe,1000,mixed,0,920.3873936,1233.1240431,0.9927148194271482,0.9919967987194878,0.9923939151321057,0.9921953171903142
Pt-BR_GloVe,1000,mixed,1,925.9102019000002,1157.0042784000002,0.9929016189290162,0.9941081949651848,0.9906591940218842,0.992380697767678
Pt-BR_GloVe,1000,mixed,2,928.0695494000001,1267.2701997000004,0.9924034869240349,0.9925173703901656,0.9911929543634908,0.991854720256376
Pt-BR_GloVe,1000,mixed,3,962.8451738999993,1697.2940816,0.9926525529265255,0.9935760171306209,0.9906591940218842,0.9921154617132166
Pt-BR_GloVe,1000,mixed,4,922.6636027999994,1174.2392065999993,0.9922166874221668,0.9925143697366662,0.9907926341072858,0.9916527545909849
Pt-BR_GloVe,1000,mixed,5,926.0538403999999,1631.8235191000003,0.9927148194271482,0.9908183632734531,0.9935948759007206,0.9922046771936837
Pt-BR_GloVe,1000,mixed,6,918.5549979000007,1178.7180550000012,0.9921544209215442,0.9922501336183859,0.9909260741926875,0.9915876619041261
Pt-BR_GloVe,1000,mixed,7,942.8890456000008,2078.581044300001,0.9926525529265255,0.9939726761317975,0.9902588737656792,0.9921122994652406
Pt-BR_GloVe,1000,mixed,8,685.6518370000013,1311.5667783999997,0.9925280199252802,0.9922563417890521,0.9917267147050974,0.991991457554725
Pt-BR_GloVe,1000,mixed,9,1170.3775743000006,1900.174541299999,0.9924034869240349,0.9913356438283124,0.9923939151321057,0.9918644971992531
Pt-BR_FastText,50,cnn,0,56.70686860000001,198.75641000000007,0.9893524283935243,0.9923356192012909,0.9847878302642114,0.9885473176612417
Pt-BR_FastText,50,cnn,1,59.314857600000096,252.94895799999995,0.9901618929016189,0.9899812984237243,0.9889244729116626,0.989452603471295
Pt-BR_FastText,50,cnn,2,56.12390570000002,235.2327097,0.989227895392279,0.9885226211130388,0.9883907125700561,0.988456662440782
Pt-BR_FastText,50,cnn,3,57.548862799999824,199.27572259999988,0.9897260273972602,0.9898409303569041,0.9881238323992527,0.9889816360601001
Pt-BR_FastText,50,cnn,4,57.759503700000096,256.38220620000016,0.9898505603985056,0.9911563714323999,0.9870563117160395,0.9891020926656416
Pt-BR_FastText,50,cnn,5,57.55700590000015,252.45391530000006,0.9891656288916563,0.988,0.988791032826261,0.9883953581432573
Pt-BR_FastText,50,cnn,6,54.67299129999992,275.4451694999998,0.9898505603985056,0.9897127588510354,0.9885241526554577,0.9891180986714734
Pt-BR_FastText,50,cnn,7,55.111777600000096,277.3967482999997,0.9902864259028643,0.9905080213903743,0.9886575927408594,0.989581942032857
Pt-BR_FastText,50,cnn,8,58.89824150000004,275.2447072,0.9895392278953923,0.991941982272361,0.9855884707766213,0.9887550200803213
Pt-BR_FastText,50,cnn,9,54.83480200000031,235.95232729999998,0.9897260273972602,0.9910223770601635,0.9869228716306379,0.9889683760112322
Pt-BR_FastText,100,cnn,0,103.37763589999986,253.46943389999979,0.9902864259028643,0.990114881111408,0.9890579129970644,0.9895861148197597
Pt-BR_FastText,100,cnn,1,89.91590309999992,109.91763739999988,0.9908468244084683,0.9924922911918488,0.9878569522284494,0.9901691968166924
Pt-BR_FastText,100,cnn,2,94.73918570000023,108.57531780000045,0.9902241594022416,0.9919538688480622,0.9870563117160395,0.9894990301652064
Pt-BR_FastText,100,cnn,3,95.28150740000001,109.38114930000029,0.9903486924034869,0.992352072990742,0.9869228716306379,0.9896300260921924
Pt-BR_FastText,100,cnn,4,96.38448320000043,111.70962650000001,0.9907845579078456,0.9938155418123151,0.9863891112890312,0.9900884007500669
Pt-BR_FastText,100,cnn,5,104.0112678000005,101.87418630000047,0.9905977584059776,0.9924882629107982,0.9873231918868428,0.9898989898989898
Pt-BR_FastText,100,cnn,6,70.53869570000006,109.33597050000026,0.9898505603985056,0.99340422667923,0.9847878302642114,0.9890772632848621
Pt-BR_FastText,100,cnn,7,73.84428260000004,109.46400460000041,0.9902864259028643,0.9902458578300374,0.9889244729116626,0.9895847242622512
Pt-BR_FastText,100,cnn,8,68.32766820000052,102.96990419999929,0.990535491905355,0.9913008565310493,0.9883907125700561,0.9898436455966859
Pt-BR_FastText,100,cnn,9,68.65654209999957,103.77788130000044,0.9904732254047323,0.989465262034938,0.9901254336802775,0.9897952377776295
Pt-BR_FastText,300,cnn,0,256.8529182000002,178.66158859999996,0.9915940224159402,0.9944899879048515,0.9874566319722444,0.9909608302644793
Pt-BR_FastText,300,cnn,1,204.19273350000003,187.0922339000008,0.9911581569115816,0.9927613941018767,0.9882572724846543,0.9905042129196202
Pt-BR_FastText,300,cnn,2,201.29317160000028,191.53166370000054,0.9910336239103362,0.9906542056074766,0.9901254336802775,0.9903897490656701
Pt-BR_FastText,300,cnn,3,203.68831750000027,199.61301879999974,0.9914694894146949,0.9922387260805566,0.9894582332532693,0.9908465290305337
Pt-BR_FastText,300,cnn,4,207.86939139999959,184.0682321000004,0.9912204234122043,0.9923664122137404,0.988791032826261,0.990575496290355
Pt-BR_FastText,300,cnn,5,197.45255389999966,181.2884151999997,0.9908468244084683,0.9894736842105263,0.9909260741926875,0.9901993466231082
Pt-BR_FastText,300,cnn,6,193.89325439999993,187.52072659999976,0.9908468244084683,0.9893432796057013,0.9910595142780891,0.9902006532897807
Pt-BR_FastText,300,cnn,7,193.6784794999985,182.61272090000057,0.9914694894146949,0.9923704992638201,0.9893247931678676,0.9908453057133311
Pt-BR_FastText,300,cnn,8,194.20649930000036,181.04513469999983,0.9910958904109589,0.9910487641950568,0.9898585535094743,0.9904533012884705
Pt-BR_FastText,300,cnn,9,192.0240200999997,181.55559509999875,0.9905977584059776,0.9926204213068563,0.9871897518014412,0.9898976383220713
Pt-BR_FastText,600,cnn,0,377.06025600000066,285.4268393000002,0.9912204234122043,0.9926303095269998,0.9885241526554577,0.9905729758641438
Pt-BR_FastText,600,cnn,1,381.6650761000001,280.63333109999985,0.9911581569115816,0.9931580359538503,0.9878569522284494,0.9905004013914905
Pt-BR_FastText,600,cnn,2,379.5878513000007,291.0971737,0.9910336239103362,0.99091637723751,0.9898585535094743,0.9903871829105474
Pt-BR_FastText,600,cnn,3,380.04175289999876,292.59869079999953,0.9912204234122043,0.9917079042396684,0.9894582332532693,0.9905817914634961
Pt-BR_FastText,600,cnn,4,377.93161150000014,287.53607100000045,0.9912826899128269,0.9938221864088101,0.9874566319722444,0.9906291834002677
Pt-BR_FastText,600,cnn,5,382.9012278000009,296.24845599999935,0.9905977584059776,0.9914335430330612,0.9883907125700561,0.989909789508854
Pt-BR_FastText,600,cnn,6,382.639756999999,283.1903659999989,0.9912826899128269,0.9911835426128773,0.9901254336802775,0.9906542056074766
Pt-BR_FastText,600,cnn,7,382.40770619999967,286.07134439999936,0.9915317559153176,0.9910571276027763,0.9907926341072858,0.9909248632056586
Pt-BR_FastText,600,cnn,8,383.97405509999953,284.41757490000055,0.9910958904109589,0.9917056856187291,0.989191353082466,0.9904469236421939
Pt-BR_FastText,600,cnn,9,379.09874200000013,287.7235453000012,0.9913449564134496,0.9911847201816482,0.9902588737656792,0.9907215806688472
Pt-BR_FastText,1000,cnn,0,630.5632259000013,458.8017887999995,0.9910958904109589,0.9913113220157733,0.9895916733386709,0.9904507512520869
Pt-BR_FastText,1000,cnn,1,636.3425943000002,473.7942378000007,0.9914072229140722,0.9938238453276047,0.9877235121430478,0.9907642885825191
Pt-BR_FastText,1000,cnn,2,633.1011818000006,451.12887709999995,0.9907222914072229,0.9903858993190012,0.9897251134240725,0.9900553961155978
Pt-BR_FastText,1000,cnn,3,631.1031670000011,459.7169181999998,0.9903486924034869,0.992484230304657,0.9867894315452362,0.9896286383405821
Pt-BR_FastText,1000,cnn,4,627.6419773999987,453.35468050000054,0.9907222914072229,0.9922262431309476,0.9878569522284494,0.9900367769976596
Pt-BR_FastText,1000,cnn,5,634.6978867000034,456.9813909000004,0.990909090909091,0.9894750865973888,0.9910595142780891,0.9902666666666667
Pt-BR_FastText,1000,cnn,6,626.2434805000012,465.164025500002,0.9913449564134496,0.9918416477196736,0.9895916733386709,0.9907153830739429
Pt-BR_FastText,1000,cnn,7,633.8911988,448.31160660000023,0.990535491905355,0.9899893219434063,0.9897251134240725,0.9898572000533831
Pt-BR_FastText,1000,cnn,8,639.1809783000026,516.4008493000001,0.9909713574097135,0.9903910316295209,0.9902588737656792,0.9903249482885167
Pt-BR_FastText,1000,cnn,9,638.4224185000021,482.23969849999776,0.9909713574097135,0.9898680175976536,0.9907926341072858,0.9903301100366788
Pt-BR_FastText,50,lstm,0,40.504459299998416,200.5927316999987,0.9912204234122043,0.993158953722334,0.9879903923138511,0.990567930965282
Pt-BR_FastText,50,lstm,1,39.256603100002394,207.70427769999878,0.9915940224159402,0.9923725411481332,0.9895916733386709,0.9909801563439566
Pt-BR_FastText,50,lstm,2,39.68508400000064,207.19375919999948,0.9918430884184308,0.9905396402398401,0.9919935948759008,0.9912660844056271
Pt-BR_FastText,50,lstm,3,39.83901229999901,192.3394346999994,0.9913449564134496,0.9930285561067167,0.9883907125700561,0.9907042065137431
Pt-BR_FastText,50,lstm,4,39.382435099996655,202.64864060000036,0.990535491905355,0.9884246939861628,0.9913263944488925,0.989873417721519
Pt-BR_FastText,50,lstm,5,39.524274100000184,192.42736749999676,0.9915317559153176,0.9913194444444444,0.9905257539364826,0.9909224402616473
Pt-BR_FastText,50,lstm,6,38.763716000001295,193.43929950000165,0.9921544209215442,0.9925133689839573,0.9906591940218842,0.991585414718846
Pt-BR_FastText,50,lstm,7,39.35276310000336,226.69546719999926,0.9913449564134496,0.9918416477196736,0.9895916733386709,0.9907153830739429
Pt-BR_FastText,50,lstm,8,39.08456870000009,220.1138682000019,0.9913449564134496,0.991315965263861,0.9901254336802775,0.99072034181187
Pt-BR_FastText,50,lstm,9,35.247224099999585,199.6704217000006,0.9916562889165629,0.9902744471089795,0.991860154790499,0.9910666666666667
Pt-BR_FastText,100,lstm,0,68.65463430000091,247.90164489999734,0.9921544209215442,0.9919871794871795,0.9911929543634908,0.9915899078894673
Pt-BR_FastText,100,lstm,1,65.56327880000026,235.3479238,0.9918430884184308,0.9913252368877619,0.9911929543634908,0.9912590912123841
Pt-BR_FastText,100,lstm,2,68.18012240000098,227.4141462000007,0.9915940224159402,0.9914518498731134,0.9905257539364826,0.9909885855416861
Pt-BR_FastText,100,lstm,3,68.4591849999997,225.2687425999975,0.9917808219178083,0.9940939597315436,0.9882572724846543,0.991167023554604
Pt-BR_FastText,100,lstm,4,68.41396320000058,269.72442109999974,0.9922166874221668,0.9918568949405954,0.9914598345342941,0.9916583249916583
Pt-BR_FastText,100,lstm,5,67.49191680000149,247.43249509999805,0.9917185554171856,0.9918481892289189,0.9903923138510808,0.9911197168992455
Pt-BR_FastText,100,lstm,6,65.95709729999726,241.2538870999997,0.9921544209215442,0.9918558077436582,0.9913263944488925,0.9915910304324613
Pt-BR_FastText,100,lstm,7,69.8875537999993,297.6334855999994,0.9921544209215442,0.9930406852248393,0.9901254336802775,0.9915809167446211
Pt-BR_FastText,100,lstm,8,67.21761190000325,283.1520726999988,0.9914694894146949,0.990009324630345,0.9917267147050974,0.9908672755149657
Pt-BR_FastText,100,lstm,9,66.39831410000625,238.49976269999752,0.9917808219178083,0.9915865384615384,0.9907926341072858,0.9911894273127753
Pt-BR_FastText,300,lstm,0,180.78764460000093,373.37136169999576,0.9921544209215442,0.9918558077436582,0.9913263944488925,0.9915910304324613
Pt-BR_FastText,300,lstm,1,181.74430370000482,452.74337039999955,0.9917185554171856,0.9901451591423625,0.9921270349613024,0.9911351063120709
Pt-BR_FastText,300,lstm,2,180.69451319999644,447.5589278999978,0.9921544209215442,0.9917245061398825,0.9914598345342941,0.9915921526758309
Pt-BR_FastText,300,lstm,3,181.5392215000029,428.97083620000194,0.9921544209215442,0.9943639291465378,0.988791032826261,0.9915696507426736
Pt-BR_FastText,300,lstm,4,181.49283170000126,538.6208972000022,0.9926525529265255,0.9931799946509762,0.9910595142780891,0.9921186214266631
Pt-BR_FastText,300,lstm,5,183.30406190000213,505.5114930999989,0.9919053549190535,0.9918514560512958,0.9907926341072858,0.9913217623497996
Pt-BR_FastText,300,lstm,6,182.5527224999969,495.1649572000024,0.9919676214196762,0.9919839679358717,0.9907926341072858,0.9913879431203686
Pt-BR_FastText,300,lstm,7,183.7472615000006,437.8926474000036,0.9917808219178083,0.9934316353887399,0.9889244729116626,0.9911729303196468
Pt-BR_FastText,300,lstm,8,182.2034810000041,543.857285500002,0.9921544209215442,0.9942312852159915,0.9889244729116626,0.9915707786994916
Pt-BR_FastText,300,lstm,9,303.07641259999946,366.9550878000009,0.9918430884184308,0.9943601450248423,0.9881238323992527,0.9912321799076368
Pt-BR_FastText,600,lstm,0,484.24617449998914,851.280843200002,0.9925280199252802,0.9926509887760556,0.9913263944488925,0.9919882494325011
Pt-BR_FastText,600,lstm,1,471.1904203000013,579.4937321999896,0.9924657534246575,0.993573436872406,0.9902588737656792,0.9919133863530041
Pt-BR_FastText,600,lstm,2,369.3291379000002,542.2555235999898,0.9921544209215442,0.9929087503344929,0.9902588737656792,0.9915820416889364
Pt-BR_FastText,600,lstm,3,375.14521129999775,576.5710420000105,0.9925280199252802,0.9939710610932476,0.9899919935948759,0.9919775371038909
Pt-BR_FastText,600,lstm,4,382.6781207000022,555.6653164000018,0.9926525529265255,0.993048128342246,0.9911929543634908,0.9921196741017764
Pt-BR_FastText,600,lstm,5,363.20225810000557,572.9490065999998,0.9920921544209216,0.9910678576189841,0.9919935948759008,0.9915305101700567
Pt-BR_FastText,600,lstm,6,355.3608430000022,505.2462214999978,0.9924657534246575,0.992255307784751,0.9915932746196957,0.99192418073817
Pt-BR_FastText,600,lstm,7,363.09914260001096,524.2364310000121,0.9924034869240349,0.9933083511777302,0.9903923138510808,0.9918481892289189
Pt-BR_FastText,600,lstm,8,355.7771364000073,512.2686352000019,0.9927148194271482,0.9942382419938363,0.9901254336802775,0.9921775757170556
Pt-BR_FastText,600,lstm,9,358.3372403999965,960.0196009999927,0.9925902864259029,0.9937073236042309,0.9903923138510808,0.9920470493884915
Pt-BR_FastText,1000,lstm,0,596.5252946999972,944.7898164999933,0.9924657534246575,0.9946330336777137,0.989191353082466,0.9919047300461632
Pt-BR_FastText,1000,lstm,1,642.3062036000047,826.654806800012,0.9916562889165629,0.9923735616804924,0.9897251134240725,0.9910475681453769
Pt-BR_FastText,1000,lstm,2,638.8894628999988,1455.531138700011,0.9924657534246575,0.9947658032478862,0.9890579129970644,0.9919036467045835
Pt-BR_FastText,1000,lstm,3,648.031819900003,1343.1940055000014,0.9920298879202989,0.992906852248394,0.9899919935948759,0.9914472805024723
Pt-BR_FastText,1000,lstm,4,642.5344977999921,1102.7603036999935,0.9919676214196762,0.9925103651197004,0.9902588737656792,0.9913833411261772
Pt-BR_FastText,1000,lstm,5,607.6918970000115,1437.024535000004,0.9923412204234122,0.9954294932114531,0.9881238323992527,0.9917632090002009
Pt-BR_FastText,1000,lstm,6,614.549300300001,791.7309445999999,0.9922166874221668,0.9933056634087561,0.9899919935948759,0.991646060282029
Pt-BR_FastText,1000,lstm,7,611.0552100000059,728.6140270999895,0.9925280199252802,0.9922563417890521,0.9917267147050974,0.991991457554725
Pt-BR_FastText,1000,lstm,8,633.5180227000092,1447.758119399994,0.9922166874221668,0.9944973829016239,0.988791032826261,0.9916359986617598
Pt-BR_FastText,1000,lstm,9,633.1438723000028,1311.658341500006,0.9927148194271482,0.9931809065383073,0.9911929543634908,0.9921859346824283
Pt-BR_FastText,50,mixed,0,39.73553960000572,908.7806325999991,0.9910336239103362,0.9896083133493205,0.9911929543634908,0.9904
Pt-BR_FastText,50,mixed,1,43.51133550000668,1012.5360810999991,0.9910958904109589,0.990917590490183,0.9899919935948759,0.9904545757960083
Pt-BR_FastText,50,mixed,2,38.772428399999626,932.0166332999943,0.9920298879202989,0.992116515232496,0.9907926341072858,0.9914541327280011
Pt-BR_FastText,50,mixed,3,39.13076050000382,870.8935444999952,0.9914072229140722,0.9921059673534921,0.9894582332532693,0.990780331373597
Pt-BR_FastText,50,mixed,4,39.07149469999422,1035.2615609000059,0.9924034869240349,0.9923857868020305,0.9913263944488925,0.9918558077436583
Pt-BR_FastText,50,mixed,5,39.03510059999826,926.8859383999952,0.9915317559153176,0.9919764642952661,0.9898585535094743,0.99091637723751
Pt-BR_FastText,50,mixed,6,37.4394128999993,903.43196300001,0.9910336239103362,0.99,0.9907926341072858,0.9903961584633852
Pt-BR_FastText,50,mixed,7,38.844876299990574,994.2736376999965,0.9916562889165629,0.9906666666666667,0.9914598345342941,0.991063091903428
Pt-BR_FastText,50,mixed,8,38.44985400000587,957.1126105000003,0.9920921544209216,0.9914609739826551,0.9915932746196957,0.9915271198879178
Pt-BR_FastText,50,mixed,9,37.94976180000231,952.59129940001,0.9912204234122043,0.9909200160235011,0.9902588737656792,0.9905893345791896
Pt-BR_FastText,100,mixed,0,70.9066385999904,927.1118558000016,0.9913449564134496,0.9898761156254163,0.9915932746196957,0.9907339510699288
Pt-BR_FastText,100,mixed,1,69.31801699999778,1063.214848100004,0.9919676214196762,0.9911964785914366,0.9915932746196957,0.9913948369021413
Pt-BR_FastText,100,mixed,2,70.6370018000016,779.1165873999998,0.990909090909091,0.9886938015429636,0.991860154790499,0.9902744471089795
Pt-BR_FastText,100,mixed,3,69.10204959999828,769.1286773000029,0.9919053549190535,0.9919828968466061,0.9906591940218842,0.991320603551876
Pt-BR_FastText,100,mixed,4,68.76667830000224,760.1698363000032,0.9920298879202989,0.9911976527073887,0.9917267147050974,0.991462113127001
Pt-BR_FastText,100,mixed,5,69.33199989999412,958.2772238000034,0.9915940224159402,0.99171455298677,0.9902588737656792,0.9909861788075047
Pt-BR_FastText,100,mixed,6,68.63286099999095,881.6372295000037,0.9917185554171856,0.9902757426402025,0.9919935948759008,0.9911339244050397
Pt-BR_FastText,100,mixed,7,69.09164680000686,934.006707499997,0.9921544209215442,0.9937014205306888,0.9894582332532693,0.9915752875100294
Pt-BR_FastText,100,mixed,8,70.95377649999864,860.9507060999895,0.9913449564134496,0.9903987198293106,0.9910595142780891,0.9907290068698728
Pt-BR_FastText,100,mixed,9,68.39324070001021,972.9406802000012,0.9917808219178083,0.9911929543634908,0.9911929543634908,0.9911929543634908
Pt-BR_FastText,300,mixed,0,191.8518381999893,932.1381948000053,0.9919053549190535,0.9925093632958801,0.9901254336802775,0.9913159652638611
Pt-BR_FastText,300,mixed,1,197.60412310001266,945.8663712999987,0.9923412204234122,0.9937039517749497,0.9898585535094743,0.991777525235644
Pt-BR_FastText,300,mixed,2,200.775927900002,945.210012399999,0.9920921544209216,0.9910678576189841,0.9919935948759008,0.9915305101700567
Pt-BR_FastText,300,mixed,3,200.82523600000422,944.9836179999984,0.9917185554171856,0.9927701164814566,0.9894582332532693,0.9911114081400788
Pt-BR_FastText,300,mixed,4,208.90923070001008,1126.4661523999966,0.9917808219178083,0.9934316353887399,0.9889244729116626,0.9911729303196468
Pt-BR_FastText,300,mixed,5,196.71893839999393,1052.9746436999994,0.9922166874221668,0.992251169004676,0.9910595142780891,0.9916549836437679
Pt-BR_FastText,300,mixed,6,203.36136220001208,1052.9497399999964,0.9923412204234122,0.9927797833935018,0.9907926341072858,0.9917852133840913
Pt-BR_FastText,300,mixed,7,204.38478189999296,901.2345826000092,0.9917185554171856,0.9913229208383394,0.9909260741926875,0.9911244577911245
Pt-BR_FastText,300,mixed,8,202.97945909999544,902.7880826000037,0.9924034869240349,0.9938370846730975,0.9898585535094743,0.9918438293889558
Pt-BR_FastText,300,mixed,9,206.68692520000332,1033.1555210000079,0.9922789539227895,0.9938354328598231,0.9895916733386709,0.9917090131051083
Pt-BR_FastText,600,mixed,0,484.712070700014,1287.9396944000036,0.9922789539227895,0.9923837520042758,0.9910595142780891,0.991721191080251
Pt-BR_FastText,600,mixed,1,459.41700049999054,1236.358070700022,0.9928393524283935,0.9955674949630624,0.9890579129970644,0.9923020282482093
Pt-BR_FastText,600,mixed,2,439.8996298999991,1207.658983500005,0.9924034869240349,0.991860154790499,0.991860154790499,0.991860154790499
Pt-BR_FastText,600,mixed,3,449.22385349997785,1051.357111899997,0.9929016189290162,0.9941081949651848,0.9906591940218842,0.992380697767678
Pt-BR_FastText,600,mixed,4,399.02470330000506,1148.778218899999,0.9926525529265255,0.9938403856454204,0.9903923138510808,0.9921133538297019
Pt-BR_FastText,600,mixed,5,389.30495829999563,1105.2863010000146,0.9926525529265255,0.9935760171306209,0.9906591940218842,0.9921154617132166
Pt-BR_FastText,600,mixed,6,394.65289009999833,1065.2297260999912,0.9922166874221668,0.9934377929556716,0.9898585535094743,0.9916449435198182
Pt-BR_FastText,600,mixed,7,463.0250615000259,1399.492074699985,0.9924657534246575,0.9925183700734803,0.9913263944488925,0.9919220241671672
Pt-BR_FastText,600,mixed,8,458.1379671000177,1113.2823985999858,0.9920298879202989,0.993302973479775,0.9895916733386709,0.9914438502673797
Pt-BR_FastText,600,mixed,9,421.1063690999872,1227.3345577,0.9924034869240349,0.9921228304405875,0.9915932746196957,0.9918579818473038
Pt-BR_FastText,1000,mixed,0,815.9525967,2055.8230962,0.9915940224159402,0.9906654220562742,0.9913263944488925,0.9909957980390849
Pt-BR_FastText,1000,mixed,1,802.2954020000006,1462.1222216999995,0.9926525529265255,0.9931799946509762,0.9910595142780891,0.9921186214266631
Pt-BR_FastText,1000,mixed,2,603.8488854999996,1271.1688507,0.9920921544209216,0.9910678576189841,0.9919935948759008,0.9915305101700567
Pt-BR_FastText,1000,mixed,3,633.7595110999991,1188.1542272999995,0.9925902864259029,0.9922573755172874,0.991860154790499,0.9920587253920587
Pt-BR_FastText,1000,mixed,4,629.3052733999994,1136.2012443999993,0.9924657534246575,0.9923868037932416,0.9914598345342941,0.9919231025966224
Pt-BR_FastText,1000,mixed,5,588.5949136999989,1084.671720800001,0.9922789539227895,0.9938354328598231,0.9895916733386709,0.9917090131051083
Pt-BR_FastText,1000,mixed,6,581.5728615000007,1112.9261800999993,0.9922789539227895,0.9917267147050974,0.9917267147050974,0.9917267147050974
Pt-BR_FastText,1000,mixed,7,596.8766934999985,1245.4588664000003,0.9922166874221668,0.9913321776236832,0.9919935948759008,0.9916627759621156
Pt-BR_FastText,1000,mixed,8,577.2253057000016,1160.4105651999998,0.9928393524283935,0.9946373508513205,0.9899919935948759,0.9923092356048954
Pt-BR_FastText,1000,mixed,9,580.6005135000014,1168.109374300002,0.9919676214196762,0.9931699477701889,0.9895916733386709,0.9913775817124523
Pt-BR_Word2Vec,50,cnn,0,75.75538410000001,166.88361439999994,0.9908468244084683,0.991438127090301,0.9889244729116626,0.9901797047230944
Pt-BR_Word2Vec,100,cnn,0,141.8144373,179.4105611,0.9918430884184308,0.9921133538297019,0.9903923138510808,0.9912520868113522
